id,sura_name,sura,tafsir_ayah_start,tafsir_ayah_end
0,Al-Fatihah,1,1,1
1,Al-Fatihah,1,2,2
2,Al-Fatihah,1,3,3
3,Al-Fatihah,1,4,4
4,Al-Fatihah,1,5,5
5,Al-Fatihah,1,6,6
6,Al-Fatihah,1,7,7
7,Al-Baqarah,2,1,1
8,Al-Baqarah,2,2,2
9,Al-Baqarah,2,3,3
10,Al-Baqarah,2,4,4
11,Al-Baqarah,2,5,5
12,Al-Baqarah,2,6,6
13,Al-Baqarah,2,7,7
14,Al-Baqarah,2,8,9
15,Al-Baqarah,2,10,10
16,Al-Baqarah,2,11,12
17,Al-Baqarah,2,13,13
18,Al-Baqarah,2,14,15
19,Al-Baqarah,2,16,16
20,Al-Baqarah,2,17,18
21,Al-Baqarah,2,19,20
22,Al-Baqarah,2,21,22
23,Al-Baqarah,2,23,24
24,Al-Baqarah,2,25,25
25,Al-Baqarah,2,26,27
26,Al-Baqarah,2,28,28
27,Al-Baqarah,2,29,29
28,Al-Baqarah,2,30,30
29,Al-Baqarah,2,31,33
30,Al-Baqarah,2,34,34
31,Al-Baqarah,2,35,36
32,Al-Baqarah,2,37,37
33,Al-Baqarah,2,38,39
34,Al-Baqarah,2,40,41
35,Al-Baqarah,2,42,43
36,Al-Baqarah,2,44,44
37,Al-Baqarah,2,45,46
38,Al-Baqarah,2,47,47
39,Al-Baqarah,2,48,48
40,Al-Baqarah,2,49,50
41,Al-Baqarah,2,51,53
42,Al-Baqarah,2,54,54
43,Al-Baqarah,2,55,56
44,Al-Baqarah,2,57,57
45,Al-Baqarah,2,58,59
46,Al-Baqarah,2,60,60
47,Al-Baqarah,2,61,61
48,Al-Baqarah,2,62,62
49,Al-Baqarah,2,63,64
50,Al-Baqarah,2,65,66
51,Al-Baqarah,2,67,67
52,Al-Baqarah,2,68,71
53,Al-Baqarah,2,72,73
54,Al-Baqarah,2,74,74
55,Al-Baqarah,2,75,77
56,Al-Baqarah,2,78,79
57,Al-Baqarah,2,80,80
58,Al-Baqarah,2,81,82
59,Al-Baqarah,2,83,83
60,Al-Baqarah,2,84,86
61,Al-Baqarah,2,87,87
62,Al-Baqarah,2,88,88
63,Al-Baqarah,2,89,89
64,Al-Baqarah,2,90,90
65,Al-Baqarah,2,91,92
66,Al-Baqarah,2,93,93
67,Al-Baqarah,2,94,96
68,Al-Baqarah,2,97,98
69,Al-Baqarah,2,99,103
70,Al-Baqarah,2,104,105
71,Al-Baqarah,2,106,107
72,Al-Baqarah,2,108,108
73,Al-Baqarah,2,109,110
74,Al-Baqarah,2,111,113
75,Al-Baqarah,2,114,114
76,Al-Baqarah,2,115,115
77,Al-Baqarah,2,116,117
78,Al-Baqarah,2,118,118
79,Al-Baqarah,2,119,119
80,Al-Baqarah,2,120,121
81,Al-Baqarah,2,122,123
82,Al-Baqarah,2,124,124
83,Al-Baqarah,2,125,125
84,Al-Baqarah,2,126,128
85,Al-Baqarah,2,129,129
86,Al-Baqarah,2,130,132
87,Al-Baqarah,2,133,134
88,Al-Baqarah,2,135,135
89,Al-Baqarah,2,136,136
90,Al-Baqarah,2,137,138
91,Al-Baqarah,2,139,141
92,Al-Baqarah,2,142,143
93,Al-Baqarah,2,144,144
94,Al-Baqarah,2,145,145
95,Al-Baqarah,2,146,147
96,Al-Baqarah,2,148,148
97,Al-Baqarah,2,149,150
98,Al-Baqarah,2,151,152
99,Al-Baqarah,2,153,154
100,Al-Baqarah,2,155,157
101,Al-Baqarah,2,158,158
102,Al-Baqarah,2,159,162
103,Al-Baqarah,2,163,163
104,Al-Baqarah,2,164,164
105,Al-Baqarah,2,165,167
106,Al-Baqarah,2,168,169
107,Al-Baqarah,2,170,171
108,Al-Baqarah,2,172,173
109,Al-Baqarah,2,174,176
110,Al-Baqarah,2,177,177
111,Al-Baqarah,2,178,179
112,Al-Baqarah,2,180,182
113,Al-Baqarah,2,183,184
114,Al-Baqarah,2,185,185
115,Al-Baqarah,2,186,186
116,Al-Baqarah,2,187,187
117,Al-Baqarah,2,188,188
118,Al-Baqarah,2,189,189
119,Al-Baqarah,2,190,193
120,Al-Baqarah,2,194,194
121,Al-Baqarah,2,195,195
122,Al-Baqarah,2,196,196
123,Al-Baqarah,2,197,197
124,Al-Baqarah,2,198,198
125,Al-Baqarah,2,199,199
126,Al-Baqarah,2,200,202
127,Al-Baqarah,2,203,203
128,Al-Baqarah,2,204,207
129,Al-Baqarah,2,208,209
130,Al-Baqarah,2,210,210
131,Al-Baqarah,2,211,212
132,Al-Baqarah,2,213,213
133,Al-Baqarah,2,214,214
134,Al-Baqarah,2,215,215
135,Al-Baqarah,2,216,216
136,Al-Baqarah,2,217,218
137,Al-Baqarah,2,219,220
138,Al-Baqarah,2,221,221
139,Al-Baqarah,2,222,223
140,Al-Baqarah,2,224,225
141,Al-Baqarah,2,226,227
142,Al-Baqarah,2,228,228
143,Al-Baqarah,2,229,230
144,Al-Baqarah,2,231,231
145,Al-Baqarah,2,232,232
146,Al-Baqarah,2,233,233
147,Al-Baqarah,2,234,234
148,Al-Baqarah,2,235,235
149,Al-Baqarah,2,236,236
150,Al-Baqarah,2,237,237
151,Al-Baqarah,2,238,239
152,Al-Baqarah,2,240,242
153,Al-Baqarah,2,243,245
154,Al-Baqarah,2,246,246
155,Al-Baqarah,2,247,247
156,Al-Baqarah,2,248,248
157,Al-Baqarah,2,249,249
158,Al-Baqarah,2,250,252
159,Al-Baqarah,2,253,253
160,Al-Baqarah,2,254,254
161,Al-Baqarah,2,255,255
162,Al-Baqarah,2,256,256
163,Al-Baqarah,2,257,257
164,Al-Baqarah,2,258,258
165,Al-Baqarah,2,259,259
166,Al-Baqarah,2,260,260
167,Al-Baqarah,2,261,261
168,Al-Baqarah,2,262,264
169,Al-Baqarah,2,265,265
170,Al-Baqarah,2,266,266
171,Al-Baqarah,2,267,269
172,Al-Baqarah,2,270,271
173,Al-Baqarah,2,272,274
174,Al-Baqarah,2,275,275
175,Al-Baqarah,2,276,277
176,Al-Baqarah,2,278,281
177,Al-Baqarah,2,282,282
178,Al-Baqarah,2,283,283
179,Al-Baqarah,2,284,284
180,Al-Baqarah,2,285,286
181,Al 'Imran,3,1,4
182,Al 'Imran,3,5,6
183,Al 'Imran,3,7,9
184,Al 'Imran,3,10,11
185,Al 'Imran,3,12,13
186,Al 'Imran,3,14,15
187,Al 'Imran,3,16,17
188,Al 'Imran,3,18,20
189,Al 'Imran,3,21,22
190,Al 'Imran,3,23,25
191,Al 'Imran,3,26,27
192,Al 'Imran,3,28,28
193,Al 'Imran,3,29,30
194,Al 'Imran,3,31,32
195,Al 'Imran,3,33,34
196,Al 'Imran,3,35,36
197,Al 'Imran,3,37,37
198,Al 'Imran,3,38,41
199,Al 'Imran,3,42,44
200,Al 'Imran,3,45,47
201,Al 'Imran,3,48,51
202,Al 'Imran,3,52,54
203,Al 'Imran,3,55,58
204,Al 'Imran,3,59,63
205,Al 'Imran,3,64,64
206,Al 'Imran,3,65,68
207,Al 'Imran,3,69,74
208,Al 'Imran,3,75,76
209,Al 'Imran,3,77,77
210,Al 'Imran,3,78,78
211,Al 'Imran,3,79,80
212,Al 'Imran,3,81,82
213,Al 'Imran,3,83,85
214,Al 'Imran,3,86,89
215,Al 'Imran,3,90,91
216,Al 'Imran,3,92,92
217,Al 'Imran,3,93,95
218,Al 'Imran,3,96,97
219,Al 'Imran,3,98,99
220,Al 'Imran,3,100,101
221,Al 'Imran,3,102,103
222,Al 'Imran,3,104,109
223,Al 'Imran,3,110,112
224,Al 'Imran,3,113,117
225,Al 'Imran,3,118,120
226,Al 'Imran,3,121,123
227,Al 'Imran,3,124,125
228,Al 'Imran,3,126,129
229,Al 'Imran,3,130,136
230,Al 'Imran,3,137,143
231,Al 'Imran,3,144,148
232,Al 'Imran,3,149,153
233,Al 'Imran,3,154,155
234,Al 'Imran,3,156,158
235,Al 'Imran,3,159,164
236,Al 'Imran,3,165,168
237,Al 'Imran,3,169,175
238,Al 'Imran,3,176,180
239,Al 'Imran,3,181,184
240,Al 'Imran,3,185,186
241,Al 'Imran,3,187,189
242,Al 'Imran,3,190,194
243,Al 'Imran,3,195,195
244,Al 'Imran,3,196,198
245,Al 'Imran,3,199,200
246,An-Nisa',4,1,1
247,An-Nisa',4,2,4
248,An-Nisa',4,5,6
249,An-Nisa',4,7,10
250,An-Nisa',4,11,11
251,An-Nisa',4,12,12
252,An-Nisa',4,13,14
253,An-Nisa',4,15,16
254,An-Nisa',4,17,18
255,An-Nisa',4,19,22
256,An-Nisa',4,23,23
257,An-Nisa',4,24,24
258,An-Nisa',4,25,25
259,An-Nisa',4,26,28
260,An-Nisa',4,29,31
261,An-Nisa',4,32,32
262,An-Nisa',4,33,33
263,An-Nisa',4,34,34
264,An-Nisa',4,35,35
265,An-Nisa',4,36,36
266,An-Nisa',4,37,39
267,An-Nisa',4,40,42
268,An-Nisa',4,43,43
269,An-Nisa',4,44,46
270,An-Nisa',4,47,48
271,An-Nisa',4,49,52
272,An-Nisa',4,53,55
273,An-Nisa',4,56,57
274,An-Nisa',4,58,58
275,An-Nisa',4,59,59
276,An-Nisa',4,60,63
277,An-Nisa',4,64,65
278,An-Nisa',4,66,70
279,An-Nisa',4,71,74
280,An-Nisa',4,75,76
281,An-Nisa',4,77,79
282,An-Nisa',4,80,81
283,An-Nisa',4,82,83
284,An-Nisa',4,84,87
285,An-Nisa',4,88,91
286,An-Nisa',4,92,93
287,An-Nisa',4,94,94
288,An-Nisa',4,95,96
289,An-Nisa',4,97,100
290,An-Nisa',4,101,101
291,An-Nisa',4,102,102
292,An-Nisa',4,103,104
293,An-Nisa',4,105,109
294,An-Nisa',4,110,115
295,An-Nisa',4,116,122
296,An-Nisa',4,123,126
297,An-Nisa',4,127,127
298,An-Nisa',4,128,130
299,An-Nisa',4,131,134
300,An-Nisa',4,135,135
301,An-Nisa',4,136,136
302,An-Nisa',4,137,140
303,An-Nisa',4,141,141
304,An-Nisa',4,142,143
305,An-Nisa',4,144,147
306,An-Nisa',4,148,149
307,An-Nisa',4,150,152
308,An-Nisa',4,153,154
309,An-Nisa',4,155,159
310,An-Nisa',4,160,162
311,An-Nisa',4,163,165
312,An-Nisa',4,166,170
313,An-Nisa',4,171,171
314,An-Nisa',4,172,173
315,An-Nisa',4,174,175
316,An-Nisa',4,176,176
317,Al-Ma'idah,5,1,2
318,Al-Ma'idah,5,3,3
319,Al-Ma'idah,5,4,4
320,Al-Ma'idah,5,5,5
321,Al-Ma'idah,5,6,6
322,Al-Ma'idah,5,7,11
323,Al-Ma'idah,5,12,14
324,Al-Ma'idah,5,15,16
325,Al-Ma'idah,5,17,18
326,Al-Ma'idah,5,19,19
327,Al-Ma'idah,5,20,26
328,Al-Ma'idah,5,27,31
329,Al-Ma'idah,5,32,34
330,Al-Ma'idah,5,35,37
331,Al-Ma'idah,5,38,40
332,Al-Ma'idah,5,41,44
333,Al-Ma'idah,5,45,45
334,Al-Ma'idah,5,46,47
335,Al-Ma'idah,5,48,50
336,Al-Ma'idah,5,51,53
337,Al-Ma'idah,5,54,56
338,Al-Ma'idah,5,57,58
339,Al-Ma'idah,5,59,63
340,Al-Ma'idah,5,64,66
341,Al-Ma'idah,5,67,67
342,Al-Ma'idah,5,68,69
343,Al-Ma'idah,5,70,71
344,Al-Ma'idah,5,72,75
345,Al-Ma'idah,5,76,77
346,Al-Ma'idah,5,78,81
347,Al-Ma'idah,5,82,86
348,Al-Ma'idah,5,87,88
349,Al-Ma'idah,5,89,89
350,Al-Ma'idah,5,90,93
351,Al-Ma'idah,5,94,95
352,Al-Ma'idah,5,96,99
353,Al-Ma'idah,5,100,102
354,Al-Ma'idah,5,103,104
355,Al-Ma'idah,5,105,105
356,Al-Ma'idah,5,106,108
357,Al-Ma'idah,5,109,109
358,Al-Ma'idah,5,110,111
359,Al-Ma'idah,5,112,115
360,Al-Ma'idah,5,116,118
361,Al-Ma'idah,5,119,120
362,Al-An'am,6,1,3
363,Al-An'am,6,4,6
364,Al-An'am,6,7,11
365,Al-An'am,6,12,16
366,Al-An'am,6,17,21
367,Al-An'am,6,22,26
368,Al-An'am,6,27,30
369,Al-An'am,6,31,32
370,Al-An'am,6,33,36
371,Al-An'am,6,37,39
372,Al-An'am,6,40,45
373,Al-An'am,6,46,49
374,Al-An'am,6,50,54
375,Al-An'am,6,55,59
376,Al-An'am,6,60,62
377,Al-An'am,6,63,65
378,Al-An'am,6,66,69
379,Al-An'am,6,70,70
380,Al-An'am,6,71,73
381,Al-An'am,6,74,79
382,Al-An'am,6,80,83
383,Al-An'am,6,84,90
384,Al-An'am,6,91,92
385,Al-An'am,6,93,94
386,Al-An'am,6,95,97
387,Al-An'am,6,98,99
388,Al-An'am,6,100,100
389,Al-An'am,6,101,101
390,Al-An'am,6,102,103
391,Al-An'am,6,104,105
392,Al-An'am,6,106,107
393,Al-An'am,6,108,108
394,Al-An'am,6,109,110
395,Al-An'am,6,111,111
396,Al-An'am,6,112,113
397,Al-An'am,6,114,115
398,Al-An'am,6,116,117
399,Al-An'am,6,118,119
400,Al-An'am,6,120,120
401,Al-An'am,6,121,121
402,Al-An'am,6,122,122
403,Al-An'am,6,123,124
404,Al-An'am,6,125,125
405,Al-An'am,6,126,127
406,Al-An'am,6,128,128
407,Al-An'am,6,129,129
408,Al-An'am,6,130,130
409,Al-An'am,6,131,132
410,Al-An'am,6,133,135
411,Al-An'am,6,136,136
412,Al-An'am,6,137,137
413,Al-An'am,6,138,138
414,Al-An'am,6,139,139
415,Al-An'am,6,140,140
416,Al-An'am,6,141,142
417,Al-An'am,6,143,144
418,Al-An'am,6,145,145
419,Al-An'am,6,146,146
420,Al-An'am,6,147,147
421,Al-An'am,6,148,150
422,Al-An'am,6,151,151
423,Al-An'am,6,152,152
424,Al-An'am,6,153,153
425,Al-An'am,6,154,155
426,Al-An'am,6,156,157
427,Al-An'am,6,158,158
428,Al-An'am,6,159,159
429,Al-An'am,6,160,160
430,Al-An'am,6,161,163
431,Al-An'am,6,164,164
432,Al-An'am,6,165,165
433,Al-A'raf,7,1,3
434,Al-A'raf,7,4,7
435,Al-A'raf,7,8,9
436,Al-A'raf,7,10,10
437,Al-A'raf,7,11,11
438,Al-A'raf,7,12,12
439,Al-A'raf,7,13,15
440,Al-A'raf,7,16,17
441,Al-A'raf,7,18,18
442,Al-A'raf,7,19,21
443,Al-A'raf,7,22,23
444,Al-A'raf,7,24,25
445,Al-A'raf,7,26,26
446,Al-A'raf,7,27,27
447,Al-A'raf,7,28,30
448,Al-A'raf,7,31,31
449,Al-A'raf,7,32,32
450,Al-A'raf,7,33,33
451,Al-A'raf,7,34,36
452,Al-A'raf,7,37,37
453,Al-A'raf,7,38,39
454,Al-A'raf,7,40,41
455,Al-A'raf,7,42,43
456,Al-A'raf,7,44,45
457,Al-A'raf,7,46,47
458,Al-A'raf,7,48,49
459,Al-A'raf,7,50,51
460,Al-A'raf,7,52,53
461,Al-A'raf,7,54,54
462,Al-A'raf,7,55,56
463,Al-A'raf,7,57,58
464,Al-A'raf,7,59,62
465,Al-A'raf,7,63,64
466,Al-A'raf,7,65,69
467,Al-A'raf,7,70,72
468,Al-A'raf,7,73,78
469,Al-A'raf,7,79,79
470,Al-A'raf,7,80,81
471,Al-A'raf,7,82,82
472,Al-A'raf,7,83,84
473,Al-A'raf,7,85,85
474,Al-A'raf,7,86,87
475,Al-A'raf,7,88,89
476,Al-A'raf,7,90,92
477,Al-A'raf,7,93,93
478,Al-A'raf,7,94,95
479,Al-A'raf,7,96,99
480,Al-A'raf,7,100,100
481,Al-A'raf,7,101,102
482,Al-A'raf,7,103,103
483,Al-A'raf,7,104,106
484,Al-A'raf,7,107,108
485,Al-A'raf,7,109,110
486,Al-A'raf,7,111,112
487,Al-A'raf,7,113,114
488,Al-A'raf,7,115,116
489,Al-A'raf,7,117,122
490,Al-A'raf,7,123,126
491,Al-A'raf,7,127,129
492,Al-A'raf,7,130,131
493,Al-A'raf,7,132,135
494,Al-A'raf,7,136,137
495,Al-A'raf,7,138,139
496,Al-A'raf,7,140,141
497,Al-A'raf,7,142,142
498,Al-A'raf,7,143,143
499,Al-A'raf,7,144,145
500,Al-A'raf,7,146,147
501,Al-A'raf,7,148,149
502,Al-A'raf,7,150,151
503,Al-A'raf,7,152,153
504,Al-A'raf,7,154,154
505,Al-A'raf,7,155,156
506,Al-A'raf,7,157,157
507,Al-A'raf,7,158,158
508,Al-A'raf,7,159,162
509,Al-A'raf,7,163,163
510,Al-A'raf,7,164,166
511,Al-A'raf,7,167,167
512,Al-A'raf,7,168,170
513,Al-A'raf,7,171,171
514,Al-A'raf,7,172,174
515,Al-A'raf,7,175,177
516,Al-A'raf,7,178,178
517,Al-A'raf,7,179,179
518,Al-A'raf,7,180,180
519,Al-A'raf,7,181,181
520,Al-A'raf,7,182,183
521,Al-A'raf,7,184,184
522,Al-A'raf,7,185,185
523,Al-A'raf,7,186,186
524,Al-A'raf,7,187,187
525,Al-A'raf,7,188,188
526,Al-A'raf,7,189,190
527,Al-A'raf,7,191,198
528,Al-A'raf,7,199,200
529,Al-A'raf,7,201,202
530,Al-A'raf,7,203,203
531,Al-A'raf,7,204,204
532,Al-A'raf,7,205,206
533,Al-Anfal,8,1,1
534,Al-Anfal,8,2,4
535,Al-Anfal,8,5,8
536,Al-Anfal,8,9,10
537,Al-Anfal,8,11,14
538,Al-Anfal,8,15,16
539,Al-Anfal,8,17,18
540,Al-Anfal,8,19,19
541,Al-Anfal,8,20,23
542,Al-Anfal,8,24,24
543,Al-Anfal,8,25,25
544,Al-Anfal,8,26,26
545,Al-Anfal,8,27,28
546,Al-Anfal,8,29,29
547,Al-Anfal,8,30,30
548,Al-Anfal,8,31,33
549,Al-Anfal,8,34,35
550,Al-Anfal,8,36,37
551,Al-Anfal,8,38,40
552,Al-Anfal,8,41,41
553,Al-Anfal,8,42,42
554,Al-Anfal,8,43,44
555,Al-Anfal,8,45,46
556,Al-Anfal,8,47,49
557,Al-Anfal,8,50,51
558,Al-Anfal,8,52,52
559,Al-Anfal,8,53,54
560,Al-Anfal,8,55,57
561,Al-Anfal,8,58,58
562,Al-Anfal,8,59,60
563,Al-Anfal,8,61,63
564,Al-Anfal,8,64,66
565,Al-Anfal,8,67,69
566,Al-Anfal,8,70,71
567,Al-Anfal,8,72,72
568,Al-Anfal,8,73,73
569,Al-Anfal,8,74,75
570,At-Tawbah,9,1,2
571,At-Tawbah,9,3,3
572,At-Tawbah,9,4,4
573,At-Tawbah,9,5,5
574,At-Tawbah,9,6,6
575,At-Tawbah,9,7,7
576,At-Tawbah,9,8,8
577,At-Tawbah,9,9,11
578,At-Tawbah,9,12,12
579,At-Tawbah,9,13,15
580,At-Tawbah,9,16,16
581,At-Tawbah,9,17,18
582,At-Tawbah,9,19,22
583,At-Tawbah,9,23,24
584,At-Tawbah,9,25,27
585,At-Tawbah,9,28,29
586,At-Tawbah,9,30,31
587,At-Tawbah,9,32,33
588,At-Tawbah,9,34,35
589,At-Tawbah,9,36,36
590,At-Tawbah,9,37,37
591,At-Tawbah,9,38,39
592,At-Tawbah,9,40,40
593,At-Tawbah,9,41,41
594,At-Tawbah,9,42,42
595,At-Tawbah,9,43,45
596,At-Tawbah,9,46,47
597,At-Tawbah,9,48,48
598,At-Tawbah,9,49,49
599,At-Tawbah,9,50,51
600,At-Tawbah,9,52,54
601,At-Tawbah,9,55,55
602,At-Tawbah,9,56,57
603,At-Tawbah,9,58,59
604,At-Tawbah,9,60,60
605,At-Tawbah,9,61,61
606,At-Tawbah,9,62,63
607,At-Tawbah,9,64,64
608,At-Tawbah,9,65,66
609,At-Tawbah,9,67,68
610,At-Tawbah,9,69,69
611,At-Tawbah,9,70,70
612,At-Tawbah,9,71,71
613,At-Tawbah,9,72,72
614,At-Tawbah,9,73,74
615,At-Tawbah,9,75,78
616,At-Tawbah,9,79,79
617,At-Tawbah,9,80,80
618,At-Tawbah,9,81,82
619,At-Tawbah,9,83,83
620,At-Tawbah,9,84,85
621,At-Tawbah,9,86,87
622,At-Tawbah,9,88,89
623,At-Tawbah,9,90,90
624,At-Tawbah,9,91,93
625,At-Tawbah,9,94,96
626,At-Tawbah,9,97,99
627,At-Tawbah,9,100,100
628,At-Tawbah,9,101,101
629,At-Tawbah,9,102,102
630,At-Tawbah,9,103,104
631,At-Tawbah,9,105,105
632,At-Tawbah,9,106,106
633,At-Tawbah,9,107,108
634,At-Tawbah,9,109,110
635,At-Tawbah,9,111,111
636,At-Tawbah,9,112,112
637,At-Tawbah,9,113,114
638,At-Tawbah,9,115,116
639,At-Tawbah,9,117,117
640,At-Tawbah,9,118,119
641,At-Tawbah,9,120,120
642,At-Tawbah,9,121,121
643,At-Tawbah,9,122,122
644,At-Tawbah,9,123,123
645,At-Tawbah,9,124,125
646,At-Tawbah,9,126,127
647,At-Tawbah,9,128,129
648,Yunus,10,1,2
649,Yunus,10,3,3
650,Yunus,10,4,4
651,Yunus,10,5,6
652,Yunus,10,7,8
653,Yunus,10,9,10
654,Yunus,10,11,11
655,Yunus,10,12,12
656,Yunus,10,13,14
657,Yunus,10,15,17
658,Yunus,10,18,19
659,Yunus,10,20,20
660,Yunus,10,21,23
661,Yunus,10,24,25
662,Yunus,10,26,26
663,Yunus,10,27,27
664,Yunus,10,28,30
665,Yunus,10,31,33
666,Yunus,10,34,36
667,Yunus,10,37,40
668,Yunus,10,41,44
669,Yunus,10,45,45
670,Yunus,10,46,47
671,Yunus,10,48,52
672,Yunus,10,53,56
673,Yunus,10,57,60
674,Yunus,10,61,61
675,Yunus,10,62,64
676,Yunus,10,65,67
677,Yunus,10,68,70
678,Yunus,10,71,73
679,Yunus,10,74,74
680,Yunus,10,75,78
681,Yunus,10,79,82
682,Yunus,10,83,83
683,Yunus,10,84,86
684,Yunus,10,87,87
685,Yunus,10,88,89
686,Yunus,10,90,92
687,Yunus,10,93,93
688,Yunus,10,94,97
689,Yunus,10,98,98
690,Yunus,10,99,100
691,Yunus,10,101,103
692,Yunus,10,104,107
693,Yunus,10,108,109
694,Hud,11,1,4
695,Hud,11,5,5
696,Hud,11,6,6
697,Hud,11,7,11
698,Hud,11,12,14
699,Hud,11,15,16
700,Hud,11,17,17
701,Hud,11,18,22
702,Hud,11,23,24
703,Hud,11,25,27
704,Hud,11,28,28
705,Hud,11,29,31
706,Hud,11,32,34
707,Hud,11,35,35
708,Hud,11,36,39
709,Hud,11,40,43
710,Hud,11,44,44
711,Hud,11,45,47
712,Hud,11,48,48
713,Hud,11,49,49
714,Hud,11,50,52
715,Hud,11,53,56
716,Hud,11,57,60
717,Hud,11,61,61
718,Hud,11,62,68
719,Hud,11,69,73
720,Hud,11,74,76
721,Hud,11,77,79
722,Hud,11,80,81
723,Hud,11,82,83
724,Hud,11,84,84
725,Hud,11,85,86
726,Hud,11,87,87
727,Hud,11,88,88
728,Hud,11,89,90
729,Hud,11,91,92
730,Hud,11,93,95
731,Hud,11,96,99
732,Hud,11,100,101
733,Hud,11,102,102
734,Hud,11,103,105
735,Hud,11,106,107
736,Hud,11,108,108
737,Hud,11,109,111
738,Hud,11,112,113
739,Hud,11,114,115
740,Hud,11,116,117
741,Hud,11,118,119
742,Hud,11,120,120
743,Hud,11,121,122
744,Hud,11,123,123
745,Yusuf,12,1,3
746,Yusuf,12,4,4
747,Yusuf,12,5,5
748,Yusuf,12,6,6
749,Yusuf,12,7,10
750,Yusuf,12,11,12
751,Yusuf,12,13,14
752,Yusuf,12,15,15
753,Yusuf,12,16,18
754,Yusuf,12,19,20
755,Yusuf,12,21,22
756,Yusuf,12,23,23
757,Yusuf,12,24,24
758,Yusuf,12,25,29
759,Yusuf,12,30,34
760,Yusuf,12,35,35
761,Yusuf,12,36,36
762,Yusuf,12,37,38
763,Yusuf,12,39,40
764,Yusuf,12,41,41
765,Yusuf,12,42,42
766,Yusuf,12,43,49
767,Yusuf,12,50,53
768,Yusuf,12,54,55
769,Yusuf,12,56,57
770,Yusuf,12,58,62
771,Yusuf,12,63,64
772,Yusuf,12,65,66
773,Yusuf,12,67,68
774,Yusuf,12,69,69
775,Yusuf,12,70,72
776,Yusuf,12,73,76
777,Yusuf,12,77,77
778,Yusuf,12,78,79
779,Yusuf,12,80,86
780,Yusuf,12,87,88
781,Yusuf,12,89,92
782,Yusuf,12,93,95
783,Yusuf,12,96,98
784,Yusuf,12,99,100
785,Yusuf,12,101,101
786,Yusuf,12,102,104
787,Yusuf,12,105,107
788,Yusuf,12,108,108
789,Yusuf,12,109,109
790,Yusuf,12,110,110
791,Yusuf,12,111,111
792,Ar-Ra'd,13,1,1
793,Ar-Ra'd,13,2,2
794,Ar-Ra'd,13,3,4
795,Ar-Ra'd,13,5,5
796,Ar-Ra'd,13,6,6
797,Ar-Ra'd,13,7,7
798,Ar-Ra'd,13,8,9
799,Ar-Ra'd,13,10,11
800,Ar-Ra'd,13,12,13
801,Ar-Ra'd,13,14,14
802,Ar-Ra'd,13,15,15
803,Ar-Ra'd,13,16,16
804,Ar-Ra'd,13,17,17
805,Ar-Ra'd,13,18,18
806,Ar-Ra'd,13,19,19
807,Ar-Ra'd,13,20,24
808,Ar-Ra'd,13,25,25
809,Ar-Ra'd,13,26,26
810,Ar-Ra'd,13,27,29
811,Ar-Ra'd,13,30,30
812,Ar-Ra'd,13,31,31
813,Ar-Ra'd,13,32,32
814,Ar-Ra'd,13,33,33
815,Ar-Ra'd,13,34,35
816,Ar-Ra'd,13,36,37
817,Ar-Ra'd,13,38,39
818,Ar-Ra'd,13,40,41
819,Ar-Ra'd,13,42,42
820,Ar-Ra'd,13,43,43
821,Ibrahim,14,1,3
822,Ibrahim,14,4,4
823,Ibrahim,14,5,5
824,Ibrahim,14,6,8
825,Ibrahim,14,9,9
826,Ibrahim,14,10,12
827,Ibrahim,14,13,17
828,Ibrahim,14,18,18
829,Ibrahim,14,19,20
830,Ibrahim,14,21,21
831,Ibrahim,14,22,23
832,Ibrahim,14,24,26
833,Ibrahim,14,27,27
834,Ibrahim,14,28,30
835,Ibrahim,14,31,31
836,Ibrahim,14,32,34
837,Ibrahim,14,35,36
838,Ibrahim,14,37,37
839,Ibrahim,14,38,41
840,Ibrahim,14,42,43
841,Ibrahim,14,44,46
842,Ibrahim,14,47,48
843,Ibrahim,14,49,51
844,Ibrahim,14,52,52
845,Al-Hijr,15,1,3
846,Al-Hijr,15,4,5
847,Al-Hijr,15,6,9
848,Al-Hijr,15,10,13
849,Al-Hijr,15,14,15
850,Al-Hijr,15,16,20
851,Al-Hijr,15,21,25
852,Al-Hijr,15,26,27
853,Al-Hijr,15,28,33
854,Al-Hijr,15,34,38
855,Al-Hijr,15,39,44
856,Al-Hijr,15,45,50
857,Al-Hijr,15,51,56
858,Al-Hijr,15,57,60
859,Al-Hijr,15,61,64
860,Al-Hijr,15,65,66
861,Al-Hijr,15,67,72
862,Al-Hijr,15,73,77
863,Al-Hijr,15,78,79
864,Al-Hijr,15,80,84
865,Al-Hijr,15,85,86
866,Al-Hijr,15,87,88
867,Al-Hijr,15,89,93
868,Al-Hijr,15,94,99
869,An-Nahl,16,1,1
870,An-Nahl,16,2,2
871,An-Nahl,16,3,4
872,An-Nahl,16,5,7
873,An-Nahl,16,8,8
874,An-Nahl,16,9,9
875,An-Nahl,16,10,11
876,An-Nahl,16,12,13
877,An-Nahl,16,14,18
878,An-Nahl,16,19,21
879,An-Nahl,16,22,23
880,An-Nahl,16,24,25
881,An-Nahl,16,26,27
882,An-Nahl,16,28,29
883,An-Nahl,16,30,32
884,An-Nahl,16,33,34
885,An-Nahl,16,35,37
886,An-Nahl,16,38,40
887,An-Nahl,16,41,42
888,An-Nahl,16,43,44
889,An-Nahl,16,45,47
890,An-Nahl,16,48,50
891,An-Nahl,16,51,55
892,An-Nahl,16,56,60
893,An-Nahl,16,61,62
894,An-Nahl,16,63,65
895,An-Nahl,16,66,67
896,An-Nahl,16,68,69
897,An-Nahl,16,70,70
898,An-Nahl,16,71,71
899,An-Nahl,16,72,72
900,An-Nahl,16,73,74
901,An-Nahl,16,75,75
902,An-Nahl,16,76,76
903,An-Nahl,16,77,79
904,An-Nahl,16,80,87
905,An-Nahl,16,88,88
906,An-Nahl,16,89,89
907,An-Nahl,16,90,90
908,An-Nahl,16,91,92
909,An-Nahl,16,93,96
910,An-Nahl,16,97,97
911,An-Nahl,16,98,100
912,An-Nahl,16,101,102
913,An-Nahl,16,103,103
914,An-Nahl,16,104,105
915,An-Nahl,16,106,109
916,An-Nahl,16,110,111
917,An-Nahl,16,112,113
918,An-Nahl,16,114,117
919,An-Nahl,16,118,119
920,An-Nahl,16,120,123
921,An-Nahl,16,124,124
922,An-Nahl,16,125,125
923,An-Nahl,16,126,128
924,Al-Isra',17,1,1
925,Al-Isra',17,2,3
926,Al-Isra',17,4,8
927,Al-Isra',17,9,10
928,Al-Isra',17,11,11
929,Al-Isra',17,12,12
930,Al-Isra',17,13,14
931,Al-Isra',17,15,15
932,Al-Isra',17,16,16
933,Al-Isra',17,17,17
934,Al-Isra',17,18,19
935,Al-Isra',17,20,21
936,Al-Isra',17,22,22
937,Al-Isra',17,23,24
938,Al-Isra',17,25,25
939,Al-Isra',17,26,28
940,Al-Isra',17,29,30
941,Al-Isra',17,31,31
942,Al-Isra',17,32,32
943,Al-Isra',17,33,33
944,Al-Isra',17,34,35
945,Al-Isra',17,36,36
946,Al-Isra',17,37,38
947,Al-Isra',17,39,39
948,Al-Isra',17,40,40
949,Al-Isra',17,41,41
950,Al-Isra',17,42,43
951,Al-Isra',17,44,44
952,Al-Isra',17,45,46
953,Al-Isra',17,47,48
954,Al-Isra',17,49,52
955,Al-Isra',17,53,53
956,Al-Isra',17,54,55
957,Al-Isra',17,56,57
958,Al-Isra',17,58,58
959,Al-Isra',17,59,59
960,Al-Isra',17,60,60
961,Al-Isra',17,61,62
962,Al-Isra',17,63,65
963,Al-Isra',17,66,66
964,Al-Isra',17,67,67
965,Al-Isra',17,68,68
966,Al-Isra',17,69,69
967,Al-Isra',17,70,70
968,Al-Isra',17,71,72
969,Al-Isra',17,73,75
970,Al-Isra',17,76,77
971,Al-Isra',17,78,79
972,Al-Isra',17,80,81
973,Al-Isra',17,82,82
974,Al-Isra',17,83,84
975,Al-Isra',17,85,85
976,Al-Isra',17,86,89
977,Al-Isra',17,90,93
978,Al-Isra',17,94,95
979,Al-Isra',17,96,96
980,Al-Isra',17,97,97
981,Al-Isra',17,98,99
982,Al-Isra',17,100,100
983,Al-Isra',17,101,104
984,Al-Isra',17,105,106
985,Al-Isra',17,107,109
986,Al-Isra',17,110,111
987,Al-Kahf,18,1,5
988,Al-Kahf,18,6,8
989,Al-Kahf,18,9,12
990,Al-Kahf,18,13,16
991,Al-Kahf,18,17,17
992,Al-Kahf,18,18,18
993,Al-Kahf,18,19,20
994,Al-Kahf,18,21,21
995,Al-Kahf,18,22,22
996,Al-Kahf,18,23,24
997,Al-Kahf,18,25,26
998,Al-Kahf,18,27,28
999,Al-Kahf,18,29,29
1000,Al-Kahf,18,30,31
1001,Al-Kahf,18,32,36
1002,Al-Kahf,18,37,41
1003,Al-Kahf,18,42,44
1004,Al-Kahf,18,45,46
1005,Al-Kahf,18,47,49
1006,Al-Kahf,18,50,50
1007,Al-Kahf,18,51,51
1008,Al-Kahf,18,52,53
1009,Al-Kahf,18,54,54
1010,Al-Kahf,18,55,56
1011,Al-Kahf,18,57,59
1012,Al-Kahf,18,60,65
1013,Al-Kahf,18,66,70
1014,Al-Kahf,18,71,73
1015,Al-Kahf,18,74,76
1016,Al-Kahf,18,77,78
1017,Al-Kahf,18,79,79
1018,Al-Kahf,18,80,81
1019,Al-Kahf,18,82,82
1020,Al-Kahf,18,83,84
1021,Al-Kahf,18,85,88
1022,Al-Kahf,18,89,91
1023,Al-Kahf,18,92,96
1024,Al-Kahf,18,97,99
1025,Al-Kahf,18,100,102
1026,Al-Kahf,18,103,106
1027,Al-Kahf,18,107,108
1028,Al-Kahf,18,109,109
1029,Al-Kahf,18,110,110
1030,Maryam,19,1,6
1031,Maryam,19,7,7
1032,Maryam,19,8,9
1033,Maryam,19,10,11
1034,Maryam,19,12,15
1035,Maryam,19,16,21
1036,Maryam,19,22,23
1037,Maryam,19,24,26
1038,Maryam,19,27,33
1039,Maryam,19,34,37
1040,Maryam,19,38,40
1041,Maryam,19,41,45
1042,Maryam,19,46,48
1043,Maryam,19,49,50
1044,Maryam,19,51,53
1045,Maryam,19,54,55
1046,Maryam,19,56,57
1047,Maryam,19,58,58
1048,Maryam,19,59,60
1049,Maryam,19,61,63
1050,Maryam,19,64,65
1051,Maryam,19,66,70
1052,Maryam,19,71,72
1053,Maryam,19,73,74
1054,Maryam,19,75,75
1055,Maryam,19,76,76
1056,Maryam,19,77,80
1057,Maryam,19,81,84
1058,Maryam,19,85,87
1059,Maryam,19,88,95
1060,Maryam,19,96,98
1061,Taha,20,1,8
1062,Taha,20,9,10
1063,Taha,20,11,16
1064,Taha,20,17,21
1065,Taha,20,22,35
1066,Taha,20,36,39
1067,Taha,20,40,44
1068,Taha,20,45,48
1069,Taha,20,49,52
1070,Taha,20,53,56
1071,Taha,20,57,59
1072,Taha,20,60,64
1073,Taha,20,65,70
1074,Taha,20,71,73
1075,Taha,20,74,76
1076,Taha,20,77,79
1077,Taha,20,80,82
1078,Taha,20,83,89
1079,Taha,20,90,91
1080,Taha,20,92,94
1081,Taha,20,95,98
1082,Taha,20,99,101
1083,Taha,20,102,104
1084,Taha,20,105,108
1085,Taha,20,109,112
1086,Taha,20,113,114
1087,Taha,20,115,122
1088,Taha,20,123,126
1089,Taha,20,127,127
1090,Taha,20,128,130
1091,Taha,20,131,135
1092,Al-Anbya',21,1,6
1093,Al-Anbya',21,7,9
1094,Al-Anbya',21,10,15
1095,Al-Anbya',21,16,20
1096,Al-Anbya',21,21,23
1097,Al-Anbya',21,24,25
1098,Al-Anbya',21,26,29
1099,Al-Anbya',21,30,33
1100,Al-Anbya',21,34,35
1101,Al-Anbya',21,36,37
1102,Al-Anbya',21,38,40
1103,Al-Anbya',21,41,43
1104,Al-Anbya',21,44,47
1105,Al-Anbya',21,48,50
1106,Al-Anbya',21,51,56
1107,Al-Anbya',21,57,63
1108,Al-Anbya',21,64,67
1109,Al-Anbya',21,68,70
1110,Al-Anbya',21,71,75
1111,Al-Anbya',21,76,77
1112,Al-Anbya',21,78,82
1113,Al-Anbya',21,83,86
1114,Al-Anbya',21,87,88
1115,Al-Anbya',21,89,90
1116,Al-Anbya',21,91,91
1117,Al-Anbya',21,92,94
1118,Al-Anbya',21,95,97
1119,Al-Anbya',21,98,103
1120,Al-Anbya',21,104,104
1121,Al-Anbya',21,105,107
1122,Al-Anbya',21,108,112
1123,Al-Hajj,22,1,2
1124,Al-Hajj,22,3,4
1125,Al-Hajj,22,5,7
1126,Al-Hajj,22,8,10
1127,Al-Hajj,22,11,13
1128,Al-Hajj,22,14,15
1129,Al-Hajj,22,16,16
1130,Al-Hajj,22,17,17
1131,Al-Hajj,22,18,18
1132,Al-Hajj,22,19,22
1133,Al-Hajj,22,23,24
1134,Al-Hajj,22,25,25
1135,Al-Hajj,22,26,27
1136,Al-Hajj,22,28,31
1137,Al-Hajj,22,32,33
1138,Al-Hajj,22,34,35
1139,Al-Hajj,22,36,36
1140,Al-Hajj,22,37,37
1141,Al-Hajj,22,38,38
1142,Al-Hajj,22,39,40
1143,Al-Hajj,22,41,41
1144,Al-Hajj,22,42,46
1145,Al-Hajj,22,47,48
1146,Al-Hajj,22,49,51
1147,Al-Hajj,22,52,54
1148,Al-Hajj,22,55,57
1149,Al-Hajj,22,58,60
1150,Al-Hajj,22,61,62
1151,Al-Hajj,22,63,66
1152,Al-Hajj,22,67,69
1153,Al-Hajj,22,70,70
1154,Al-Hajj,22,71,72
1155,Al-Hajj,22,73,74
1156,Al-Hajj,22,75,76
1157,Al-Hajj,22,77,78
1158,Al-Mu'minun,23,1,11
1159,Al-Mu'minun,23,12,16
1160,Al-Mu'minun,23,17,17
1161,Al-Mu'minun,23,18,22
1162,Al-Mu'minun,23,23,25
1163,Al-Mu'minun,23,26,30
1164,Al-Mu'minun,23,31,41
1165,Al-Mu'minun,23,42,44
1166,Al-Mu'minun,23,45,49
1167,Al-Mu'minun,23,50,50
1168,Al-Mu'minun,23,51,56
1169,Al-Mu'minun,23,57,61
1170,Al-Mu'minun,23,62,67
1171,Al-Mu'minun,23,68,75
1172,Al-Mu'minun,23,76,83
1173,Al-Mu'minun,23,84,90
1174,Al-Mu'minun,23,91,92
1175,Al-Mu'minun,23,93,98
1176,Al-Mu'minun,23,99,100
1177,Al-Mu'minun,23,101,104
1178,Al-Mu'minun,23,105,107
1179,Al-Mu'minun,23,108,111
1180,Al-Mu'minun,23,112,116
1181,Al-Mu'minun,23,117,118
1182,An-Nur,24,1,2
1183,An-Nur,24,3,3
1184,An-Nur,24,4,5
1185,An-Nur,24,6,10
1186,An-Nur,24,11,11
1187,An-Nur,24,12,13
1188,An-Nur,24,14,15
1189,An-Nur,24,16,18
1190,An-Nur,24,19,19
1191,An-Nur,24,20,21
1192,An-Nur,24,22,22
1193,An-Nur,24,23,25
1194,An-Nur,24,26,26
1195,An-Nur,24,27,29
1196,An-Nur,24,30,30
1197,An-Nur,24,31,31
1198,An-Nur,24,32,34
1199,An-Nur,24,35,35
1200,An-Nur,24,36,38
1201,An-Nur,24,39,40
1202,An-Nur,24,41,42
1203,An-Nur,24,43,44
1204,An-Nur,24,45,45
1205,An-Nur,24,46,46
1206,An-Nur,24,47,52
1207,An-Nur,24,53,54
1208,An-Nur,24,55,55
1209,An-Nur,24,56,57
1210,An-Nur,24,58,60
1211,An-Nur,24,61,61
1212,An-Nur,24,62,62
1213,An-Nur,24,63,63
1214,An-Nur,24,64,64
1215,Al-Furqan,25,1,2
1216,Al-Furqan,25,3,3
1217,Al-Furqan,25,4,6
1218,Al-Furqan,25,7,14
1219,Al-Furqan,25,15,16
1220,Al-Furqan,25,17,19
1221,Al-Furqan,25,20,20
1222,Al-Furqan,25,21,24
1223,Al-Furqan,25,25,29
1224,Al-Furqan,25,30,31
1225,Al-Furqan,25,32,34
1226,Al-Furqan,25,35,40
1227,Al-Furqan,25,41,44
1228,Al-Furqan,25,45,47
1229,Al-Furqan,25,48,50
1230,Al-Furqan,25,51,54
1231,Al-Furqan,25,55,60
1232,Al-Furqan,25,61,62
1233,Al-Furqan,25,63,67
1234,Al-Furqan,25,68,71
1235,Al-Furqan,25,72,74
1236,Al-Furqan,25,75,77
1237,Ash-Shu'ara',26,1,9
1238,Ash-Shu'ara',26,10,22
1239,Ash-Shu'ara',26,23,28
1240,Ash-Shu'ara',26,29,37
1241,Ash-Shu'ara',26,38,48
1242,Ash-Shu'ara',26,49,51
1243,Ash-Shu'ara',26,52,59
1244,Ash-Shu'ara',26,60,68
1245,Ash-Shu'ara',26,69,77
1246,Ash-Shu'ara',26,78,82
1247,Ash-Shu'ara',26,83,89
1248,Ash-Shu'ara',26,90,104
1249,Ash-Shu'ara',26,105,110
1250,Ash-Shu'ara',26,111,115
1251,Ash-Shu'ara',26,116,122
1252,Ash-Shu'ara',26,123,135
1253,Ash-Shu'ara',26,136,140
1254,Ash-Shu'ara',26,141,145
1255,Ash-Shu'ara',26,146,152
1256,Ash-Shu'ara',26,153,159
1257,Ash-Shu'ara',26,160,164
1258,Ash-Shu'ara',26,165,175
1259,Ash-Shu'ara',26,176,180
1260,Ash-Shu'ara',26,181,184
1261,Ash-Shu'ara',26,185,191
1262,Ash-Shu'ara',26,192,195
1263,Ash-Shu'ara',26,196,199
1264,Ash-Shu'ara',26,200,209
1265,Ash-Shu'ara',26,210,212
1266,Ash-Shu'ara',26,213,220
1267,Ash-Shu'ara',26,221,227
1268,An-Naml,27,1,6
1269,An-Naml,27,7,14
1270,An-Naml,27,15,19
1271,An-Naml,27,20,21
1272,An-Naml,27,22,26
1273,An-Naml,27,27,31
1274,An-Naml,27,32,35
1275,An-Naml,27,36,37
1276,An-Naml,27,38,40
1277,An-Naml,27,41,44
1278,An-Naml,27,45,47
1279,An-Naml,27,48,53
1280,An-Naml,27,54,58
1281,An-Naml,27,59,60
1282,An-Naml,27,61,61
1283,An-Naml,27,62,62
1284,An-Naml,27,63,63
1285,An-Naml,27,64,64
1286,An-Naml,27,65,66
1287,An-Naml,27,67,70
1288,An-Naml,27,71,75
1289,An-Naml,27,76,81
1290,An-Naml,27,82,82
1291,An-Naml,27,83,86
1292,An-Naml,27,87,90
1293,An-Naml,27,91,93
1294,Al-Qasas,28,1,6
1295,Al-Qasas,28,7,9
1296,Al-Qasas,28,10,13
1297,Al-Qasas,28,14,17
1298,Al-Qasas,28,18,19
1299,Al-Qasas,28,20,20
1300,Al-Qasas,28,21,24
1301,Al-Qasas,28,25,28
1302,Al-Qasas,28,29,32
1303,Al-Qasas,28,33,35
1304,Al-Qasas,28,36,37
1305,Al-Qasas,28,38,42
1306,Al-Qasas,28,43,43
1307,Al-Qasas,28,44,47
1308,Al-Qasas,28,48,51
1309,Al-Qasas,28,52,55
1310,Al-Qasas,28,56,57
1311,Al-Qasas,28,58,59
1312,Al-Qasas,28,60,61
1313,Al-Qasas,28,62,67
1314,Al-Qasas,28,68,70
1315,Al-Qasas,28,71,73
1316,Al-Qasas,28,74,75
1317,Al-Qasas,28,76,77
1318,Al-Qasas,28,78,78
1319,Al-Qasas,28,79,80
1320,Al-Qasas,28,81,82
1321,Al-Qasas,28,83,84
1322,Al-Qasas,28,85,88
1323,Al-'Ankabut,29,1,4
1324,Al-'Ankabut,29,5,7
1325,Al-'Ankabut,29,8,9
1326,Al-'Ankabut,29,10,11
1327,Al-'Ankabut,29,12,13
1328,Al-'Ankabut,29,14,15
1329,Al-'Ankabut,29,16,18
1330,Al-'Ankabut,29,19,23
1331,Al-'Ankabut,29,24,25
1332,Al-'Ankabut,29,26,27
1333,Al-'Ankabut,29,28,30
1334,Al-'Ankabut,29,31,35
1335,Al-'Ankabut,29,36,37
1336,Al-'Ankabut,29,38,40
1337,Al-'Ankabut,29,41,43
1338,Al-'Ankabut,29,44,45
1339,Al-'Ankabut,29,46,46
1340,Al-'Ankabut,29,47,49
1341,Al-'Ankabut,29,50,52
1342,Al-'Ankabut,29,53,55
1343,Al-'Ankabut,29,56,60
1344,Al-'Ankabut,29,61,63
1345,Al-'Ankabut,29,64,66
1346,Al-'Ankabut,29,67,69
1347,Ar-Rum,30,1,7
1348,Ar-Rum,30,8,8
1349,Ar-Rum,30,9,9
1350,Ar-Rum,30,10,10
1351,Ar-Rum,30,11,16
1352,Ar-Rum,30,17,19
1353,Ar-Rum,30,20,21
1354,Ar-Rum,30,22,23
1355,Ar-Rum,30,24,25
1356,Ar-Rum,30,26,27
1357,Ar-Rum,30,28,29
1358,Ar-Rum,30,30,32
1359,Ar-Rum,30,33,37
1360,Ar-Rum,30,38,40
1361,Ar-Rum,30,41,42
1362,Ar-Rum,30,43,45
1363,Ar-Rum,30,46,47
1364,Ar-Rum,30,48,51
1365,Ar-Rum,30,52,53
1366,Ar-Rum,30,54,54
1367,Ar-Rum,30,55,57
1368,Ar-Rum,30,58,60
1369,Luqman,31,1,7
1370,Luqman,31,8,9
1371,Luqman,31,10,11
1372,Luqman,31,12,12
1373,Luqman,31,13,15
1374,Luqman,31,16,19
1375,Luqman,31,20,21
1376,Luqman,31,22,24
1377,Luqman,31,25,26
1378,Luqman,31,27,28
1379,Luqman,31,29,30
1380,Luqman,31,31,32
1381,Luqman,31,33,33
1382,Luqman,31,34,34
1383,As-Sajdah,32,1,3
1384,As-Sajdah,32,4,6
1385,As-Sajdah,32,7,9
1386,As-Sajdah,32,10,11
1387,As-Sajdah,32,12,14
1388,As-Sajdah,32,15,17
1389,As-Sajdah,32,18,22
1390,As-Sajdah,32,23,25
1391,As-Sajdah,32,26,27
1392,As-Sajdah,32,28,30
1393,Al-Ahzab,33,1,3
1394,Al-Ahzab,33,4,5
1395,Al-Ahzab,33,6,6
1396,Al-Ahzab,33,7,8
1397,Al-Ahzab,33,9,10
1398,Al-Ahzab,33,11,13
1399,Al-Ahzab,33,14,17
1400,Al-Ahzab,33,18,19
1401,Al-Ahzab,33,20,20
1402,Al-Ahzab,33,21,22
1403,Al-Ahzab,33,23,24
1404,Al-Ahzab,33,25,25
1405,Al-Ahzab,33,26,27
1406,Al-Ahzab,33,28,29
1407,Al-Ahzab,33,30,31
1408,Al-Ahzab,33,32,34
1409,Al-Ahzab,33,35,35
1410,Al-Ahzab,33,36,36
1411,Al-Ahzab,33,37,37
1412,Al-Ahzab,33,38,38
1413,Al-Ahzab,33,39,40
1414,Al-Ahzab,33,41,44
1415,Al-Ahzab,33,45,48
1416,Al-Ahzab,33,49,49
1417,Al-Ahzab,33,50,50
1418,Al-Ahzab,33,51,51
1419,Al-Ahzab,33,52,52
1420,Al-Ahzab,33,53,54
1421,Al-Ahzab,33,55,55
1422,Al-Ahzab,33,56,56
1423,Al-Ahzab,33,57,58
1424,Al-Ahzab,33,59,62
1425,Al-Ahzab,33,63,68
1426,Al-Ahzab,33,69,69
1427,Al-Ahzab,33,70,71
1428,Al-Ahzab,33,72,73
1429,Saba',34,1,2
1430,Saba',34,3,6
1431,Saba',34,7,9
1432,Saba',34,10,11
1433,Saba',34,12,13
1434,Saba',34,14,14
1435,Saba',34,15,17
1436,Saba',34,18,19
1437,Saba',34,20,21
1438,Saba',34,22,23
1439,Saba',34,24,27
1440,Saba',34,28,30
1441,Saba',34,31,33
1442,Saba',34,34,38
1443,Saba',34,39,39
1444,Saba',34,40,42
1445,Saba',34,43,45
1446,Saba',34,46,46
1447,Saba',34,47,50
1448,Saba',34,51,54
1449,Fatir,35,1,1
1450,Fatir,35,2,2
1451,Fatir,35,3,3
1452,Fatir,35,4,6
1453,Fatir,35,7,8
1454,Fatir,35,9,11
1455,Fatir,35,12,12
1456,Fatir,35,13,14
1457,Fatir,35,15,18
1458,Fatir,35,19,26
1459,Fatir,35,27,28
1460,Fatir,35,29,30
1461,Fatir,35,31,31
1462,Fatir,35,32,32
1463,Fatir,35,33,35
1464,Fatir,35,36,37
1465,Fatir,35,38,39
1466,Fatir,35,40,41
1467,Fatir,35,42,43
1468,Fatir,35,44,45
1469,Ya-Sin,36,1,7
1470,Ya-Sin,36,8,12
1471,Ya-Sin,36,13,17
1472,Ya-Sin,36,18,19
1473,Ya-Sin,36,20,25
1474,Ya-Sin,36,26,29
1475,Ya-Sin,36,30,32
1476,Ya-Sin,36,33,36
1477,Ya-Sin,36,37,40
1478,Ya-Sin,36,41,44
1479,Ya-Sin,36,45,47
1480,Ya-Sin,36,48,50
1481,Ya-Sin,36,51,54
1482,Ya-Sin,36,55,58
1483,Ya-Sin,36,59,62
1484,Ya-Sin,36,63,67
1485,Ya-Sin,36,68,70
1486,Ya-Sin,36,71,73
1487,Ya-Sin,36,74,76
1488,Ya-Sin,36,77,80
1489,Ya-Sin,36,81,83
1490,As-Saffat,37,1,5
1491,As-Saffat,37,6,10
1492,As-Saffat,37,11,19
1493,As-Saffat,37,20,26
1494,As-Saffat,37,27,37
1495,As-Saffat,37,38,49
1496,As-Saffat,37,50,61
1497,As-Saffat,37,62,70
1498,As-Saffat,37,71,74
1499,As-Saffat,37,75,82
1500,As-Saffat,37,83,87
1501,As-Saffat,37,88,98
1502,As-Saffat,37,99,113
1503,As-Saffat,37,114,122
1504,As-Saffat,37,123,132
1505,As-Saffat,37,133,138
1506,As-Saffat,37,139,148
1507,As-Saffat,37,149,160
1508,As-Saffat,37,161,170
1509,As-Saffat,37,171,179
1510,As-Saffat,37,180,182
1511,Sad,38,1,3
1512,Sad,38,4,11
1513,Sad,38,12,16
1514,Sad,38,17,20
1515,Sad,38,21,25
1516,Sad,38,26,26
1517,Sad,38,27,29
1518,Sad,38,30,33
1519,Sad,38,34,40
1520,Sad,38,41,44
1521,Sad,38,45,48
1522,Sad,38,49,54
1523,Sad,38,55,64
1524,Sad,38,65,70
1525,Sad,38,71,85
1526,Sad,38,86,88
1527,Az-Zumar,39,1,4
1528,Az-Zumar,39,5,6
1529,Az-Zumar,39,7,8
1530,Az-Zumar,39,9,9
1531,Az-Zumar,39,10,12
1532,Az-Zumar,39,13,16
1533,Az-Zumar,39,17,18
1534,Az-Zumar,39,19,20
1535,Az-Zumar,39,21,22
1536,Az-Zumar,39,23,23
1537,Az-Zumar,39,24,26
1538,Az-Zumar,39,27,31
1539,Az-Zumar,39,32,35
1540,Az-Zumar,39,36,40
1541,Az-Zumar,39,41,42
1542,Az-Zumar,39,43,45
1543,Az-Zumar,39,46,48
1544,Az-Zumar,39,49,52
1545,Az-Zumar,39,53,59
1546,Az-Zumar,39,60,61
1547,Az-Zumar,39,62,66
1548,Az-Zumar,39,67,67
1549,Az-Zumar,39,68,70
1550,Az-Zumar,39,71,72
1551,Az-Zumar,39,73,74
1552,Az-Zumar,39,75,75
1553,Ghafir,40,1,3
1554,Ghafir,40,4,6
1555,Ghafir,40,7,9
1556,Ghafir,40,10,14
1557,Ghafir,40,15,17
1558,Ghafir,40,18,20
1559,Ghafir,40,21,22
1560,Ghafir,40,23,27
1561,Ghafir,40,28,29
1562,Ghafir,40,30,35
1563,Ghafir,40,36,37
1564,Ghafir,40,38,40
1565,Ghafir,40,41,46
1566,Ghafir,40,47,50
1567,Ghafir,40,51,56
1568,Ghafir,40,57,59
1569,Ghafir,40,60,60
1570,Ghafir,40,61,65
1571,Ghafir,40,66,68
1572,Ghafir,40,69,76
1573,Ghafir,40,77,78
1574,Ghafir,40,79,81
1575,Ghafir,40,82,85
1576,Fussilat,41,1,5
1577,Fussilat,41,6,8
1578,Fussilat,41,9,12
1579,Fussilat,41,13,18
1580,Fussilat,41,19,24
1581,Fussilat,41,25,29
1582,Fussilat,41,30,32
1583,Fussilat,41,33,36
1584,Fussilat,41,37,39
1585,Fussilat,41,40,43
1586,Fussilat,41,44,45
1587,Fussilat,41,46,48
1588,Fussilat,41,49,51
1589,Fussilat,41,52,54
1590,Ash-Shuraa,42,1,6
1591,Ash-Shuraa,42,7,8
1592,Ash-Shuraa,42,9,12
1593,Ash-Shuraa,42,13,14
1594,Ash-Shuraa,42,15,15
1595,Ash-Shuraa,42,16,18
1596,Ash-Shuraa,42,19,22
1597,Ash-Shuraa,42,23,24
1598,Ash-Shuraa,42,25,28
1599,Ash-Shuraa,42,29,31
1600,Ash-Shuraa,42,32,35
1601,Ash-Shuraa,42,36,39
1602,Ash-Shuraa,42,40,43
1603,Ash-Shuraa,42,44,46
1604,Ash-Shuraa,42,47,48
1605,Ash-Shuraa,42,49,50
1606,Ash-Shuraa,42,51,53
1607,Az-Zukhruf,43,1,8
1608,Az-Zukhruf,43,9,14
1609,Az-Zukhruf,43,15,20
1610,Az-Zukhruf,43,21,25
1611,Az-Zukhruf,43,26,35
1612,Az-Zukhruf,43,36,45
1613,Az-Zukhruf,43,46,50
1614,Az-Zukhruf,43,51,56
1615,Az-Zukhruf,43,57,65
1616,Az-Zukhruf,43,66,73
1617,Az-Zukhruf,43,74,80
1618,Az-Zukhruf,43,81,89
1619,Ad-Dukhan,44,1,8
1620,Ad-Dukhan,44,9,16
1621,Ad-Dukhan,44,17,33
1622,Ad-Dukhan,44,34,37
1623,Ad-Dukhan,44,38,42
1624,Ad-Dukhan,44,43,50
1625,Ad-Dukhan,44,51,59
1626,Al-Jathiyah,45,1,5
1627,Al-Jathiyah,45,6,11
1628,Al-Jathiyah,45,12,15
1629,Al-Jathiyah,45,16,20
1630,Al-Jathiyah,45,21,23
1631,Al-Jathiyah,45,24,26
1632,Al-Jathiyah,45,27,29
1633,Al-Jathiyah,45,30,37
1634,Al-Ahqaf,46,1,6
1635,Al-Ahqaf,46,7,9
1636,Al-Ahqaf,46,10,14
1637,Al-Ahqaf,46,15,16
1638,Al-Ahqaf,46,17,20
1639,Al-Ahqaf,46,21,25
1640,Al-Ahqaf,46,26,28
1641,Al-Ahqaf,46,29,32
1642,Al-Ahqaf,46,33,35
1643,Muhammad,47,1,3
1644,Muhammad,47,4,9
1645,Muhammad,47,10,13
1646,Muhammad,47,14,15
1647,Muhammad,47,16,19
1648,Muhammad,47,20,23
1649,Muhammad,47,24,28
1650,Muhammad,47,29,31
1651,Muhammad,47,32,35
1652,Muhammad,47,36,38
1653,Al-Fath,48,1,3
1654,Al-Fath,48,4,7
1655,Al-Fath,48,8,10
1656,Al-Fath,48,11,14
1657,Al-Fath,48,15,15
1658,Al-Fath,48,16,17
1659,Al-Fath,48,18,19
1660,Al-Fath,48,20,24
1661,Al-Fath,48,25,26
1662,Al-Fath,48,27,28
1663,Al-Fath,48,29,29
1664,Al-Hujurat,49,1,3
1665,Al-Hujurat,49,4,6
1666,Al-Hujurat,49,7,7
1667,Al-Hujurat,49,8,8
1668,Al-Hujurat,49,9,10
1669,Al-Hujurat,49,11,11
1670,Al-Hujurat,49,12,12
1671,Al-Hujurat,49,13,13
1672,Al-Hujurat,49,14,18
1673,Qaf,50,1,5
1674,Qaf,50,6,11
1675,Qaf,50,12,15
1676,Qaf,50,16,22
1677,Qaf,50,23,29
1678,Qaf,50,30,35
1679,Qaf,50,36,40
1680,Qaf,50,41,45
1681,Ad-Dhariyat,51,1,14
1682,Ad-Dhariyat,51,15,23
1683,Ad-Dhariyat,51,24,30
1684,Ad-Dhariyat,51,31,37
1685,Ad-Dhariyat,51,38,46
1686,Ad-Dhariyat,51,47,51
1687,Ad-Dhariyat,51,52,60
1688,At-Tur,52,1,16
1689,At-Tur,52,17,20
1690,At-Tur,52,21,28
1691,At-Tur,52,29,34
1692,At-Tur,52,35,43
1693,At-Tur,52,44,49
1694,An-Najm,53,1,4
1695,An-Najm,53,5,18
1696,An-Najm,53,19,26
1697,An-Najm,53,27,30
1698,An-Najm,53,31,32
1699,An-Najm,53,33,41
1700,An-Najm,53,42,55
1701,An-Najm,53,56,62
1702,Al-Qamar,54,1,5
1703,Al-Qamar,54,6,8
1704,Al-Qamar,54,9,17
1705,Al-Qamar,54,18,22
1706,Al-Qamar,54,23,32
1707,Al-Qamar,54,33,40
1708,Al-Qamar,54,41,46
1709,Al-Qamar,54,47,55
1710,Ar-Rahman,55,1,13
1711,Ar-Rahman,55,14,25
1712,Ar-Rahman,55,26,30
1713,Ar-Rahman,55,31,36
1714,Ar-Rahman,55,37,45
1715,Ar-Rahman,55,46,53
1716,Ar-Rahman,55,54,61
1717,Ar-Rahman,55,62,78
1718,Al-Waqi'ah,56,1,12
1719,Al-Waqi'ah,56,13,26
1720,Al-Waqi'ah,56,27,40
1721,Al-Waqi'ah,56,41,56
1722,Al-Waqi'ah,56,57,62
1723,Al-Waqi'ah,56,63,74
1724,Al-Waqi'ah,56,75,82
1725,Al-Waqi'ah,56,83,87
1726,Al-Waqi'ah,56,88,96
1727,Al-Hadid,57,1,3
1728,Al-Hadid,57,4,6
1729,Al-Hadid,57,7,11
1730,Al-Hadid,57,12,15
1731,Al-Hadid,57,16,17
1732,Al-Hadid,57,18,19
1733,Al-Hadid,57,20,21
1734,Al-Hadid,57,22,24
1735,Al-Hadid,57,25,25
1736,Al-Hadid,57,26,27
1737,Al-Hadid,57,28,29
1738,Al-Mujadila,58,1,1
1739,Al-Mujadila,58,2,4
1740,Al-Mujadila,58,5,7
1741,Al-Mujadila,58,8,10
1742,Al-Mujadila,58,11,11
1743,Al-Mujadila,58,12,13
1744,Al-Mujadila,58,14,19
1745,Al-Mujadila,58,20,22
1746,Al-Hashr,59,1,5
1747,Al-Hashr,59,6,7
1748,Al-Hashr,59,8,10
1749,Al-Hashr,59,11,17
1750,Al-Hashr,59,18,20
1751,Al-Hashr,59,21,24
1752,Al-Mumtahanah,60,1,3
1753,Al-Mumtahanah,60,4,6
1754,Al-Mumtahanah,60,7,8
1755,Al-Mumtahanah,60,9,12
1756,Al-Mumtahanah,60,13,13
1757,As-Saff,61,1,4
1758,As-Saff,61,5,6
1759,As-Saff,61,7,9
1760,As-Saff,61,10,13
1761,As-Saff,61,14,14
1762,Al-Jumu'ah,62,1,4
1763,Al-Jumu'ah,62,5,8
1764,Al-Jumu'ah,62,9,10
1765,Al-Jumu'ah,62,11,11
1766,Al-Munafiqun,63,1,4
1767,Al-Munafiqun,63,5,8
1768,Al-Munafiqun,63,9,11
1769,At-Taghabun,64,1,4
1770,At-Taghabun,64,5,6
1771,At-Taghabun,64,7,10
1772,At-Taghabun,64,11,13
1773,At-Taghabun,64,14,18
1774,At-Talaq,65,1,1
1775,At-Talaq,65,2,3
1776,At-Talaq,65,4,5
1777,At-Talaq,65,6,7
1778,At-Talaq,65,8,11
1779,At-Talaq,65,12,12
1780,At-Tahrim,66,1,5
1781,At-Tahrim,66,6,8
1782,At-Tahrim,66,9,10
1783,At-Tahrim,66,11,12
1784,Al-Mulk,67,1,5
1785,Al-Mulk,67,6,11
1786,Al-Mulk,67,12,15
1787,Al-Mulk,67,16,19
1788,Al-Mulk,67,20,27
1789,Al-Mulk,67,28,30
1790,Al-Qalam,68,1,7
1791,Al-Qalam,68,8,16
1792,Al-Qalam,68,17,28
1793,Al-Qalam,68,29,41
1794,Al-Qalam,68,42,47
1795,Al-Qalam,68,48,52
1796,Al-Haqqah,69,1,12
1797,Al-Haqqah,69,13,18
1798,Al-Haqqah,69,19,24
1799,Al-Haqqah,69,25,37
1800,Al-Haqqah,69,38,43
1801,Al-Haqqah,69,44,52
1802,Al-Ma'arij,70,1,7
1803,Al-Ma'arij,70,8,18
1804,Al-Ma'arij,70,19,35
1805,Al-Ma'arij,70,36,44
1806,Nuh,71,1,4
1807,Nuh,71,5,20
1808,Nuh,71,21,24
1809,Nuh,71,25,28
1810,Al-Jinn,72,1,7
1811,Al-Jinn,72,8,10
1812,Al-Jinn,72,11,17
1813,Al-Jinn,72,18,24
1814,Al-Jinn,72,25,28
1815,Al-Muzzammil,73,1,9
1816,Al-Muzzammil,73,10,18
1817,Al-Muzzammil,73,19,20
1818,Al-Muddaththir,74,1,10
1819,Al-Muddaththir,74,11,30
1820,Al-Muddaththir,74,31,37
1821,Al-Muddaththir,74,38,56
1822,Al-Qiyamah,75,1,15
1823,Al-Qiyamah,75,16,25
1824,Al-Qiyamah,75,26,40
1825,Al-Insan,76,1,3
1826,Al-Insan,76,4,12
1827,Al-Insan,76,13,22
1828,Al-Insan,76,23,31
1829,Al-Mursalat,77,1,15
1830,Al-Mursalat,77,16,28
1831,Al-Mursalat,77,29,40
1832,Al-Mursalat,77,41,50
1833,An-Naba',78,1,16
1834,An-Naba',78,17,30
1835,An-Naba',78,31,36
1836,An-Naba',78,37,40
1837,An-Nazi'at,79,1,14
1838,An-Nazi'at,79,15,26
1839,An-Nazi'at,79,27,33
1840,An-Nazi'at,79,34,46
1841,'Abasa,80,1,16
1842,'Abasa,80,17,32
1843,'Abasa,80,33,42
1844,At-Takwir,81,1,14
1845,At-Takwir,81,15,29
1846,Al-Infitar,82,1,12
1847,Al-Infitar,82,13,19
1848,Al-Mutaffifin,83,1,6
1849,Al-Mutaffifin,83,7,17
1850,Al-Mutaffifin,83,18,28
1851,Al-Mutaffifin,83,29,36
1852,Al-Inshiqaq,84,1,15
1853,Al-Inshiqaq,84,16,25
1854,Al-Buruj,85,1,10
1855,Al-Buruj,85,11,22
1856,At-Tariq,86,1,10
1857,At-Tariq,86,11,17
1858,Al-A'la,87,1,13
1859,Al-A'la,87,14,19
1860,Al-Ghashiyah,88,1,7
1861,Al-Ghashiyah,88,8,16
1862,Al-Ghashiyah,88,17,26
1863,Al-Fajr,89,1,14
1864,Al-Fajr,89,15,20
1865,Al-Fajr,89,21,30
1866,Al-Balad,90,1,10
1867,Al-Balad,90,11,20
1868,Ash-Shams,91,1,10
1869,Ash-Shams,91,11,15
1870,Al-Layl,92,1,11
1871,Al-Layl,92,12,21
1872,Ad-Duha,93,1,11
1873,Ash-Sharh,94,1,8
1874,At-Tin,95,1,8
1875,Al-'Alaq,96,1,5
1876,Al-'Alaq,96,6,19
1877,Al-Qadr,97,1,5
1878,Al-Bayyinah,98,1,5
1879,Al-Bayyinah,98,6,8
1880,Az-Zalzalah,99,1,8
1881,Al-'Adiyat,100,1,11
1882,Al-Qari'ah,101,1,11
1883,At-Takathur,102,1,8
1884,Al-'Asr,103,1,3
1885,Al-Humazah,104,1,9
1886,Al-Fil,105,1,5
1887,Quraysh,106,1,4
1888,Al-Ma'un,107,1,7
1889,Al-Kawthar,108,1,3
1890,Al-Kafirun,109,1,6
1891,An-Nasr,110,1,3
1892,Al-Masad,111,1,5
1893,Al-Ikhlas,112,1,4
1894,Al-Falaq,113,1,5
1895,An-Nas,114,1,6
